secondary_structure_class,Avg_PPV,Count
excluded,0.31,8
not found,0.218,1
α,0.29464999999999997,20
αβ,0.3625903614457831,83
β,0.34703191489361707,94
